Fullname;Username;E-mail;Role;Password
Irma Damayanti Djohan;irmadamayanti;irma.djohan@baliflightacademy.com;OTHER;irma@BIFA2016
Nyoman Sukadana;nyomansukadana;damuhantara@yahoo.co.id;OTHER;nyoman@BIFA2016
Ruza Revie;ruzarevie1;ruza.revie@baliflightacademy.com;OTHER;revie@BIFA2016
Taufik Hidayat;taufikhidayat;taufikhidayat@yahoo.com;OTHER;taufik@BIFA2016
Wiradharma B Oka;wiradharmaoka;wiradharmaoka@baliflightacademy.com;OTHER;oka@BIFA2016
